-- Popolamento della tabella Cliente
INSERT INTO Cliente (email, nome, cognome, tipo_utente, data_nascita, numero_carta, mese_scadenza, anno_scadenza, verificato, password, data_blocco) VALUES
('sofiaesposito@gmail.com', 'Sofia', 'Esposito', 'Studente', '2001-03-10', '3546746378291034', 1, 2025, true, 'Passsofy1@', null),
('matteobianchi@gmail.com', 'Matteo', 'Bianchi', 'Studente', '2003-07-25', '9857362548907847', 12, 2024, true, 'matt7Passurh@.', null),
('kekkamancini@gmail.com', 'Francesca', 'Mancini', 'Locatore', '1982-08-30', '1265783490875645', 6, 2024, true, 'kekkaLoc007@.', null),
('gioromano@gmail.com', 'Giorgia', 'Romano', 'Studente', '2000-09-05', '6574837392817454', 1, 2024, true, 'GiogioRom@pass1.', null),
('lucaferrari@gmail.com', 'Luca', 'Ferrari', 'Studente', '1999-11-05', '1234768590432345', 2, 2025, true, 'LucaPassURH!.', null),
('marcorossi@gmail.com', 'Marco', 'Rossi', 'Locatore', '1970-01-10', '5678901234567890', 3, 2024, false, 'UniPass7@.', null),
('sofybianchi@gmail.com', 'Sofy', 'Bianchi', 'Locatore', '1985-07-22', '1945637890987453', 10, 2024, true, 'PassSof7@!.', null),
('lucaambruoso@gmail.com', 'Luca', 'Ambruoso', 'Locatore', '1978-04-18', '3456789012345678', 9, 2024, false, 'LucPass@!!.1', null),
('giogioespo@gmail.com', 'Giovanni', 'Esposito', 'Locatore', '1975-11-30', '2345678901234567', 8, 2024, true, 'PassValid@Uh7.', null),
('saramarti@gmail.com', 'Sara', 'Martini', 'Studente', '1999-02-14', '4321098765432109', 7, 2024, true, 'Pass7word@.', null),
('giorgioferraro@gmail.com', 'Giorgio', 'Ferraro', 'Studente', '2005-09-08', '9085362718192346', 6, 2024, true, 'giorGioPass7@.', null),
('antoalbanese@gmail.com', 'Antonio', 'Albanese', 'Studente', '2001-09-18', '3546374789092364', 7, 2024, true, 'AntoUrh7!!.', null),
('paolomoretti@gmail.com', 'Paolo', 'Moretti', 'Locatore', '1970-08-17', '7646893475091237', 11, 2024, true, 'LucMor70@.', null),
('francescopixcont@gmail.com', 'Francesco Pio', 'Contaldo', 'Studente', '2000-09-22', '4657283767900123', 2, 2024, true, 'pixPass9@.', null),
('cristyanesp@gmail.com', 'Cristyan', 'Esposito', 'Studente', '2001-04-21', '9085362718192346', 7, 2024, true, 'UniRentHpass@!.', null),
('andreaconti@gmail.com', 'Andrea', 'Conti', 'Locatore', '1969-05-12', '8647362787980967', 2, 2024, true, 'And@99pass.', null),
('ilianofaso@gmail.com', 'Iliano', 'Fasolino', 'Studente', '2000-09-08', '8573653989023647', 1, 2024, true, 'gPassfaso@..', null),
('marcogreco@gmail.com', 'Marco', 'Greco', 'Studente', '2000-09-08', '9046276473892912', 2, 2024, true, 'urhPass54!.', null),
('giupiosorr@gmail.com', 'Giuseppe Pio', 'Sorrentino', 'Studente', '2000-09-08', '4536174783921224', 6, 2024, true, 'giupiPass65!.', null),
('chiararusso@gmail.com', 'Chiara', 'Russo', 'Locatore', '1980-09-15', '9075645362718175', 3, 2024, true, 'locPassSic7..', null),
('marticosta@gmail.com', 'Martina', 'Costa', 'Locatore', '1987-04-08', '9075643678932346', 7, 2024, true, 'Passurh89@.', null),
('giugatti@gmail.com', 'Giulia', 'Gatti', 'Locatore', '1967-11-03', '7684093400543456', 10, 2024, true, 'giuCat@1.', null),
('mariorossi@gmail.com', 'Mario', 'Rossi', 'Studente', '1996-08-10', '1234567890123456', 10, 2025, true, 'marioRedpass@.', null),
('laurawhite@gmail.com', 'Laura', 'Bianchi', 'Studente', '1998-05-22', '9876543210987654', 5, 2024, true, 'LauWhitelock124.', null),
('greenluigi@gmail.com', 'Luigi', 'Verdi', 'Studente', '2000-12-18', '1111222233334444', 7, 2026, true, 'greenPassHome!!1', null),
('giomastro@gmail.com', 'Giovanna', 'Mastro', 'Studente', '1996-03-05', '5555666677778888', 9, 2024, true, 'p@ssw0rd!', null),
('paolorusso@gmail.com', 'Paolo', 'Russo', 'Studente', '1998-09-30', '9999000011112222', 12, 2027, true, 'strongPWD123@', null),
('annayellow@gmail.com', 'Anna', 'Gialli', 'Studente', '2002-11-15', '7777888899990000', 8, 2025, true, 'yellowAnnPass!456', null);


-- Popolamento della tabella Dipendente
INSERT INTO Dipendente (email, nome, cognome, tipo_dipendente, password) VALUES
('simodellaporta@gmail.com', 'Simone', 'Della Porta', 'Admin', 'SimoDP@23.'),
('roccoiuliano@gmail.com', 'Rocco', 'Iuliano', 'Admin', 'RoccIul89.'),
('alexdeluca@gmail.com', 'Alessando', 'De Luca', 'Homechecker', 'AlexDL@65.'),
('alessandramaione@gmail.com', 'Alessanda', 'Maione', 'Homechecker', 'AlessMatt45.!'),
('mariomuratore@gmail.com', 'Mario', 'Muratore', 'Homechecker', 'MarMur89@.'),
('stefdecaro@gmail.com', 'Stefano', 'De Caro', 'Homechecker', 'steDeC@pass.7');


-- Popolamento della tabella Post
INSERT INTO Post (titolo, descrizione, email) VALUES
('Ricerca di un coinquilino', 'Sto cercando un coinquilino con cui condividere l\'affitto per questo anno universitario e condividere allenamenti in palestra. Io sto seguendo il secondo anno di magistrale in Informatica all\'università di Milano', 'matteobianchi@gmail.com'),
('Ragazzo/a a cui piace l\'arte?', 'Sono alla ricerca di un ragazzo o una ragazza che ha la passione per l\'arte. Io sto seguendo il secondo anno alla Sapienza', 'gioromano@gmail.com'),
('Qualcuno in cerca di un appartamento a Fisciano?', 'Ho appena trovato un alloggio a Milano nelle zone dell\'università, c\'è qualcuno che è interessato a condividere l\'alloggio con me per questo anno? Io sto seguendo il terzo anno della triennale', 'saramarti@gmail.com'),
('Ricerca di un coinquilino', 'Sto cercando un coinquilino con cui condividere l\'affitto per questo anno e che è iscritto al corso di Informatica ad Unisa', 'francescopixcont@gmail.com'),
('Ragazzo/a a cui piace allenarsi?', 'Sono alla ricerca di un ragazzo o una ragazza che ha voglia di allenarsi in compagnia nelle zone dell\'università La Sapienza', 'giorgioferraro@gmail.com'),
('Qualcuno appassionato alla lettura?', 'Sono una ragazza iscritta all\'università di Napoli Federico II, a me piace molto leggere e sto cercando qualcuno con cui condividere riflessioni su libri letti ed avere confronti e consigli su nuovi libri da leggere.', 'sofiaesposito@gmail.com'),
('Ragazzi/e nelle vicinanze tifosi della Roma', 'Ciao, sono Luca e sono iscritto all\'università di Roma Tre, c\'è qualche tifoso/a della Roma che è interessato/a a vedere le partite in compagnia?', 'lucaferrari@gmail.com'),
('Ricerca di un compagno con cui condividere l\'affitto', 'Sono uno studente iscritto all\'università Unisa e sono alla ricerca di un ragazzo interessato a fare nuove conoscenze e condividere l\'affitto.', 'antoalbanese@gmail.com'),
('Qualcuno interessato ad allenarsi in compagnia?', 'Sono uno studente iscritto ad Informatica ad Unisa e sono alla ricerca di un ragazzo o un gruppo di ragazzi che sono interessati a spostare ghisa in compagnia.', 'cristyanesp@gmail.com'),
('Qualcuno che vuole svolgere esami di programmazione in collaborazione?', 'Sono iscritto ad Informatica all\'università Unisa, sto cercando qualcuno che sta svolgendo esami di programmazione con cui studiare insieme.', 'ilianofaso@gmail.com'),
('Ragazzo/a a cui piace il rap', 'Sto cercando qualcuno a cui piace il rap per ascoltare e condividere gusti musicali assieme nei pressi dell\'università Unisa', 'marcogreco@gmail.com'),
('Fan della Marvel?', 'Sono un fan del mondo Marvel, c\'è qualcun altro con cui vedere i film e le serie tv insieme? Sono un ragazzo iscritto all\'università Unisa', 'giupiosorr@gmail.com'),
('Appasionati di cucina??', 'Sono una ragazza che abita nelle vicinanze della Federico II, sono un appasionata del mondo della cucina e mi piace molto cucinare. Inoltre seguo la trasmissione di Master Chef, qualcuno che è interessato a condividere con me questa passione con cui provare a fare e condividere nuove ricette?', 'sofiaesposito@gmail.com'),
('Tifosi del Milan ed Inter in giro?', 'Sono alla ricerca di studenti nelle zone di Milano tifosi del Milan e dell\'Inter per passare la serata vedendo il derby.', 'matteobianchi@gmail.com'),
('Qualcuno che mi può consigliare qualcosa da vedere su Netflix', 'Sono una ragazza iscritta all\'università nei pressi di Milano e ho finito la sessione e voglio avere consigli su qualche film o serie da poter vedere per perdere un pò di tempo.', 'saramarti@gmail.com'),
('Appassionato di arte?', 'Sono iscritto a La Sapienza e sto cercando qualcuno con cui condividere la passione per l\'arte', 'giorgioferraro@gmail.com'),
('Sono interessato anch\'io a condividere la passione per l\'arte', 'Sono iscritto a La Sapienza e mi fa piacere condividere la mia passione per l\'arte per scoprire nuove cose sui quadri e sui pittori', 'gioromano@gmail.com'),
('Qualcuno che guarda il basket?', 'Sono un ragazzo di Roma Tre, qualcuno che guarda il basket e ha voglia di condividere l\'abbonamento a DAZN per guardare le partite?', 'lucaferrari@gmail.com'),
('Qualcuno che vuole fare conoscenza?', 'Sto seguendo alla Federico II e sto cercando qualcuno con cui fare conoscenza, c\'è qualcuno?', 'mariorossi@gmail.com'),
('Cerco qualcuno per ripetizioni di ingegneria', 'Sto seguendo ingegneria alla Federico II, c\'è qualcuno che mi può dare una mano?', 'laurawhite@gmail.com'),
('Qualcuno interesssato a comprare iPhone?', 'Seguo all\'università di Milano, c\'è qualcuno che sta cercando un iPhone? Io ho un 11 Pro, e lo vendo a 200€', 'greenluigi@gmail.com'),
('Qualcuno che segue il corso di economaia?', 'Seguo all\'università La Sapienza, c\'è qualcuno che sta seguendo il corso di laurea di economia con cui studiare insieme?', 'giomastro@gmail.com'),
('Qualcuno che non è tornato per le feste?', 'Seguo all\'università Roma Tre, c\'è qualcuno che sta ancora nelle zone? Sono dovuto rimanere qui, sto cercando qualcuno con cui uscire la sera in compagnia.', 'paolorusso@gmail.com'),
('Qualcuno che può darmi una mano con AI?', 'Seguo all\'università Roma Tre la facoltà di Informatica, c\'è qualcuno bravo con AI che mi può dare una mano a superare l\'esame?', 'annayellow@gmail.com');


-- Popolamento della tabella Passione
INSERT INTO Passione (nome) VALUES
('Viaggi'),
('Calcio'),
('Basket'),
('Nuoto'),
('Gym'),
('Lettura'),
('Cinema'),
('Serie tv'),
('Giardinaggio'),
('Cucina'),
('Musica'),
('Arte'),
('Fotografia'),
('Tecnologia'),
('Programmazione');


-- Popolamento della tabella Assegnazione
INSERT INTO Assegnazione (id_passione, email) VALUES
(1, 'sofiaesposito@gmail.com'),
(5, 'sofiaesposito@gmail.com'),
(6, 'sofiaesposito@gmail.com'),
(7, 'sofiaesposito@gmail.com'),
(8, 'sofiaesposito@gmail.com'),
(10, 'sofiaesposito@gmail.com'),
(2, 'matteobianchi@gmail.com'),
(8, 'matteobianchi@gmail.com'),
(11, 'matteobianchi@gmail.com'),
(1, 'gioromano@gmail.com'),
(5, 'gioromano@gmail.com'),
(8, 'gioromano@gmail.com'),
(10, 'gioromano@gmail.com'),
(12, 'gioromano@gmail.com'),
(2, 'lucaferrari@gmail.com'),
(3, 'lucaferrari@gmail.com'),
(1, 'lucaferrari@gmail.com'),
(7, 'lucaferrari@gmail.com'),
(5, 'lucaferrari@gmail.com'),
(7, 'saramarti@gmail.com'),
(8, 'saramarti@gmail.com'),
(11, 'giorgioferraro@gmail.com'),
(12, 'giorgioferraro@gmail.com'),
(1, 'antoalbanese@gmail.com'),
(2, 'antoalbanese@gmail.com'),
(5, 'antoalbanese@gmail.com'),
(11, 'antoalbanese@gmail.com'),
(15, 'antoalbanese@gmail.com'),
(1, 'francescopixcont@gmail.com'),
(2, 'francescopixcont@gmail.com'),
(7, 'francescopixcont@gmail.com'),
(8, 'francescopixcont@gmail.com'),
(15, 'francescopixcont@gmail.com'),
(1, 'cristyanesp@gmail.com'),
(2, 'cristyanesp@gmail.com'),
(4, 'cristyanesp@gmail.com'),
(5, 'cristyanesp@gmail.com'),
(6, 'cristyanesp@gmail.com'),
(7, 'cristyanesp@gmail.com'),
(8, 'cristyanesp@gmail.com'),
(13, 'cristyanesp@gmail.com'),
(14, 'cristyanesp@gmail.com'),
(1, 'ilianofaso@gmail.com'),
(7, 'ilianofaso@gmail.com'),
(8, 'ilianofaso@gmail.com'),
(11, 'ilianofaso@gmail.com'),
(13, 'ilianofaso@gmail.com'),
(14, 'ilianofaso@gmail.com'),
(15, 'ilianofaso@gmail.com'),
(2, 'marcogreco@gmail.com'),
(5, 'marcogreco@gmail.com'),
(7, 'marcogreco@gmail.com'),
(8, 'marcogreco@gmail.com'),
(11, 'marcogreco@gmail.com'),
(15, 'marcogreco@gmail.com'),
(1, 'giupiosorr@gmail.com'),
(2, 'giupiosorr@gmail.com'),
(5, 'giupiosorr@gmail.com'),
(7, 'giupiosorr@gmail.com'),
(8, 'giupiosorr@gmail.com'),
(11, 'giupiosorr@gmail.com'),
(14, 'giupiosorr@gmail.com'),
(15, 'giupiosorr@gmail.com'),
(1, 'mariorossi@gmail.com'),
(2, 'mariorossi@gmail.com'),
(7, 'mariorossi@gmail.com'),
(11, 'mariorossi@gmail.com'),
(1, 'laurawhite@gmail.com'),
(6, 'laurawhite@gmail.com'),
(1, 'greenluigi@gmail.com'),
(2, 'greenluigi@gmail.com'),
(7, 'greenluigi@gmail.com'),
(8, 'greenluigi@gmail.com'),
(1, 'giomastro@gmail.com'),
(6, 'giomastro@gmail.com'),
(7, 'giomastro@gmail.com'),
(8, 'giomastro@gmail.com'),
(11, 'paolorusso@gmail.com'),
(12, 'paolorusso@gmail.com'),
(13, 'paolorusso@gmail.com'),
(7, 'annayellow@gmail.com'),
(8, 'annayellow@gmail.com');


-- Popolamento della tabella Segnalazione
INSERT INTO Segnalazione (email, emailS, stato, motivo) VALUES
('sofiaesposito@gmail.com', 'andreaconti@gmail.com', 'Aperta', 'Annuncio non rispecchia correttamente quello che ho trovato all arrivo nell alloggio'),
('lucaferrari@gmail.com', 'andreaconti@gmail.com', 'Aperta', 'Le condizioni in cui ho trovato l alloggio al mio arrivo erano davvero pessime. Il locatore ha indicato nell annuncio tutt altro rispetto a quello che ho ritrovato nell alloggio.'),
('gioromano@gmail.com', 'giugatti@gmail.com', 'Chiusa', 'Proprietario non molto affidabile.'),
('cristyanesp@gmail.com', 'giorgioferraro@gmail.com' ,'Aperta', 'Ragazzo non molto educato, una cattiva compagnia con cui condividere un affitto. Sconsigliato.'),
('marcogreco@gmail.com', 'giugatti@gmail.com', 'Chiusa', 'Problema col pagamento, non riesco ad effettuare il pagamento per procedeere all affitto');


-- Popolamento della tabella Università
INSERT INTO Università (denominazione, email, indirizzo) VALUES
('Università di Napoli Federico II', 'urp@pec.unina.it', 'Corso Nicolangelo Protopisani, San Giovanni a Teduccio, Municipalità 6, Marianella, Napoli, Campania, 80146, Italia'),
('Politecnico di Milano - Sede Leonardo', 'pecateneo@cert.polimi.it', 'Via Nicola Antonio Porpora, Città Studi, Municipio 3, Milano, Lombardia, 20133, Italia'),
('Università Roma Tre', 'supporto.pec@uniroma3.it', '133, Via Ostiense, Municipio Roma VIII, Roma, Lazio, 00154, Italia'),
('Università degli Studi di Salerno', 'ammicent@pec.unisa.it', 'Via Salvador Allende, Sava, Baronissi, Salerno, Campania, 84081, Italia'),
('Università La Sapienza', 'urp@uniroma1.it', 'Piazzale del Verano, San Lorenzo, Municipio Roma II, Roma, Lazio, 00161, Italia');


-- Popolamento della tabella Iscrizione
INSERT INTO Iscrizione (denominazione, email) VALUES
('Università di Napoli Federico II', 'sofiaesposito@gmail.com'),
('Università di Napoli Federico II', 'mariorossi@gmail.com'),
('Università di Napoli Federico II', 'laurawhite@gmail.com'),
('Politecnico di Milano - Sede Leonardo', 'matteobianchi@gmail.com'),
('Politecnico di Milano - Sede Leonardo', 'greenluigi@gmail.com'),
('Politecnico di Milano - Sede Leonardo', 'saramarti@gmail.com'),
('Università La Sapienza', 'giorgioferraro@gmail.com'),
('Università La Sapienza', 'gioromano@gmail.com'),
('Università La Sapienza', 'giomastro@gmail.com'),
('Università Roma Tre', 'lucaferrari@gmail.com'),
('Università Roma Tre', 'paolorusso@gmail.com'),
('Università Roma Tre', 'annayellow@gmail.com'),
('Università degli Studi di Salerno', 'antoalbanese@gmail.com'),
('Università degli Studi di Salerno', 'francescopixcont@gmail.com'),
('Università degli Studi di Salerno', 'cristyanesp@gmail.com'),
('Università degli Studi di Salerno', 'ilianofaso@gmail.com'),
('Università degli Studi di Salerno', 'marcogreco@gmail.com'),
('Università degli Studi di Salerno', 'giupiosorr@gmail.com');


-- Popolamento della tabella Chat
INSERT INTO Chat (titolo) VALUES
('Chat Viaggi'),
('Chat Sport'),
('Chat Cucina'),
('Chat Musica'),
('Chat Lettura'),
('Chat Cinema'),
('Chat Film e Serie tv'),
('Chat Arte');


-- Popolamento della tabella Partecipazione
INSERT INTO Partecipazione (id_chat, email) VALUES
(1, 'sofiaesposito@gmail.com'),
(1, 'kekkamancini@gmail.com'),
(2, 'chiararusso@gmail.com'),
(2, 'sofybianchi@gmail.com'),
(3, 'cristyanesp@gmail.com'),
(3, 'francescopixcont@gmail.com'),
(4, 'matteobianchi@gmail.com'),
(4, 'saramarti@gmail.com'),
(5, 'chiararusso@gmail.com'),
(5, 'gioromano@gmail.com');


-- Popolamento della tabella Messaggio
INSERT INTO Messaggio (email, id_chat, contenuto) VALUES
('sofiaesposito@gmail.com', 1, 'Ciao!'),
('kekkamancini@gmail.com', 1, 'Salve!'),
('sofiaesposito@gmail.com', 1, 'Vorrei avere delle informazioni aggiuntive sull\'alloggio da lei pubblicato'),
('kekkamancini@gmail.com', 1, 'Va bene, cosa vuoi sapere di preciso?'),
('chiararusso@gmail.com', 2, 'Ciao, a me piace cucinare, per caso nel suo alloggio posso trovare lo stresso necessario per cucinare?'),
('sofybianchi@gmail.com', 2, 'Si, nell\'alloggio puoi trovare tutto lo stretto necessario per cucinare.'),
('cristyanesp@gmail.com', 3, 'Ciao'),
('cristyanesp@gmail.com', 3, 'ho visto che anche tu ti alleni in palestra, ti va di allenarci insieme?'),
('francescopixcont@gmail.com', 3, 'Va bene, per me possiamo organizzarci.'),
('francescopixcont@gmail.com', 3, 'In che palestra vai ad allenarti tu?'),
('cristyanesp@gmail.com', 3, 'nella palestra dell\'università, quando vuoi possiamo andare anche dopo i corsi'),
('matteobianchi@gmail.com', 4, 'Ciao! Consigli su libri d arte?'),
('saramarti@gmail.com', 4, 'Se ti piace il genere fantasy, ti consiglio i libri di Harry Potter.'),
('chiararusso@gmail.com', 5, 'Ciao, ti va di conoscerci?'),
('gioromano@gmail.com', 5, 'Ciao! piacere');


-- Popolamento della tabella Alloggio
INSERT INTO Alloggio (tipo_alloggio, disponibilità, titolo, mq, n_camere_letto, n_bagni, classe_energetica, arredamenti, data_pubblicazione, pannelli_solari, pannelli_fotovoltaici, descrizione, verifica, prezzo, n_ospiti, n_stanze, tasse, email_dip, email_loc, data_verifica) VALUES
('Camera', TRUE, 'Camera Sole e Mare', 10, 1, 1, 'A', TRUE, '2024-01-10', FALSE, FALSE, 'Esperienza accogliente e rilassante, avvolta da una luminosa atmosfera solare e da suggestivi richiami al mare. Questo spazio incantevole è pensato per garantire comfort e tranquillità, offrendo un ambiente che evoca la serenità durante il momento dello studio.', TRUE, 250.00, 1, 1, 5, 'mariomuratore@gmail.com', 'kekkamancini@gmail.com', '2024-01-17'), -- Aggiunta alla pagina Home
('Camera', TRUE, 'Vista Vesuvio: Camera con Panorama Mozzafiato', 9, 1, 1, 'C', TRUE, '2024-01-02', FALSE, FALSE, 'Accogliente camera che offre una vista spettacolare e mozzafiato sul maestoso Vesuvio. Unisce il comfort della sistemazione con un\'atmosfera suggestiva e un panorama indimenticabile. Ideale per uno studente che desidera essere spensierato durante il suo percorso di studi a Napoli.', TRUE, 450.00, 1, 1, 5, 'mariomuratore@gmail.com', 'marcorossi@gmail.com', '2024-01-05'),
('Monolocale', TRUE, 'Nido Partenopeo: Monolocale Accogliente', 40, 1, 1, 'B', TRUE, '2024-01-10', FALSE, TRUE, 'Adorabile dimora nel cuore di Napoli, ideale per chi cerca comfort e praticità. Questo monolocale offre un ambiente accogliente e ben curato, fornendo tutto il necessario per un soggiorno piacevole.', FALSE, 800.00, 2, 3, 5, 'stefdecaro@gmail.com', 'sofybianchi@gmail.com', NULL), -- Aggiunta alla pagina Home
('Monolocale', TRUE, 'Sole e Mare: Monolocale nel Cuore di Napoli', 40, 1, 1, 'B', TRUE, '2024-01-11', FALSE, TRUE, 'Incantevole monolocale che offre un\'esperienza autentica nel vivace cuore della città. Questo delizioso spazio unisce il calore di un monolocale ben arredato alla comodità di trovarsi nel centro di Napoli e potersi spostare facilmente verso tutte le destinazioni, con università raggiungibili anche a piedi.', FALSE, 750.00, 2, 3, 5, 'stefdecaro@gmail.com', 'lucaambruoso@gmail.com', NULL),
('Bilocale', TRUE, 'Dolce Napoli: Bilocale nel Cuore della Città', 55, 1, 1, 'A+', TRUE, '2024-01-02', TRUE, FALSE, 'Questo delizioso spazio offre una combinazione perfetta di comfort e autenticità, consentendo agli ospiti di immergersi nell\'energia e nelle bellezze della città partenopea. Con la sua posizione centrale, rappresenta un rifugio accogliente. Perfetta anche per uno studente che cerca una casa per il suo periodo di studi.', TRUE, 900.00, 2, 4, 5, 'stefdecaro@gmail.com', 'giogioespo@gmail.com', '2024-01-10'),
('Bilocale', TRUE, 'Bilocale dei Colori: Esperienza Napoletana', 40, 1, 1, 'A', TRUE, '2024-01-20', FALSE, TRUE, 'Incantevole spazio che cattura l\'anima vivace e vibrante di Napoli. Questo bilocale offre un\'esperienza immersiva, dove l\'atmosfera colorata e gioiosa si mescola con il fascino autentico della città.', FALSE, 850.00, 2, 4, 5, 'stefdecaro@gmail.com', 'paolomoretti@gmail.com', NULL),
('Trilocale', TRUE, 'Brezza del Golfo: Trilocale con Vista Mare', 70, 2, 1, 'A+', TRUE, '2024-01-12', FALSE, TRUE, 'Affascinante trilocale che offre una vista spettacolare sul mare e sulla brezza che arriva dal Golfo di Napoli. Regala agli ospiti un\'esperienza unica di serenità e bellezza.', FALSE, 1000.00, 3, 5, 5, 'mariomuratore@gmail.com', 'andreaconti@gmail.com', NULL),
('Trilocale', TRUE, 'Nido Napoli: Trilocale Moderno e Confortevole', 90, 2, 1, 'A++', TRUE, '2024-01-10', FALSE, TRUE, 'Accogliente e moderna residenza a Napoli. Questo spazio incantevole offre comfort e modernità in un ambiente accogliente, ideale per un piacevole soggiorno nella vivace città partenopea.', TRUE, 1100.00, 4, 5, 5, 'mariomuratore@gmail.com', 'chiararusso@gmail.com', '2024-01-15'),
('Stanza condivisa', TRUE, 'Stanza dei Sorrisi: Atmosfera Accogliente', 15, 1, 1, 'B', TRUE, '2024-01-10', FALSE, TRUE, 'Atmosfera calorosa e accogliente, creando un ambiente ideale per la convivenza.', FALSE, 650.00, 2, 1, 5, 'stefdecaro@gmail.com', 'marticosta@gmail.com', NULL),
('Stanza condivisa', TRUE, 'Vivere Insieme: Esperienza Napoletana', 17, 1, 1, 'B', TRUE, '2024-01-12', FALSE, TRUE, 'Esperienza coinvolgente di convivenza. Questo spazio condiviso offre un\'opportunità unica per immergersi nell\'atmosfera napoletana, favorisce la socializzazione e crea un ambiente confortevole.', TRUE, 400.00, 2, 1, 5, 'stefdecaro@gmail.com', 'giugatti@gmail.com', '2024-01-16'),
('Camera', TRUE, 'Stanza Dolce Salerno: Confort e Relax', 7, 1, 1, 'C', TRUE, '2024-01-22', FALSE, TRUE, 'Offre un rifugio accogliente e rilassante nel cuore di Salerno. Questo spazio invita al comfort e alla tranquillità, garantendo un\'atmosfera accogliente e rilassante per un soggiorno sereno e piacevole nella città durante il periodo di studi.', TRUE, 350.00, 1, 1, 5, 'stefdecaro@gmail.com', 'kekkamancini@gmail.com', '2024-01-25'),
('Camera', TRUE, 'Oasi Urbana: Camera nel Cuore di Salerno', 10, 1, 1, 'B', TRUE, '2024-01-16', FALSE, TRUE, 'Accogliente e nel centro della città di Salerno. Offre un ambiente rilassante e confortevole, ideale per chi desidera vivere al centro dell\'azione urbana, pur godendo di momenti di tranquillità e relax durante il soggiorno.', TRUE, 325.00, 1, 1, 5, 'mariomuratore@gmail.com', 'marcorossi@gmail.com', '2024-01-20'),
('Monolocale', TRUE, 'Angolo Sereno: Monolocale nel Cuore di Salerno', 30, 1, 1, 'A+', TRUE, '2024-01-10', TRUE, FALSE, 'Offre un ambiente rilassante e confortevole nel centro della città di Salerno. È un tranquillo rifugio urbano, ideale per godere della vivace atmosfera cittadina, garantendo al contempo momenti di quiete e relax durante il soggiorno.', TRUE, 650.00, 2, 3, 5, 'mariomuratore@gmail.com', 'sofybianchi@gmail.com', '2024-01-15'),
('Monolocale', TRUE, 'Nido Urbano: Monolocale Confortevole', 22, 1, 1, 'A', TRUE, '2024-01-20', TRUE, FALSE, 'Pensato per offrire comfort e praticità nel cuore di Salerno. Questo monolocale accogliente è progettato per garantire un\'esperienza confortevole e comoda, ideale per un soggiorno piacevole e pratico nella vita urbana della città.', FALSE, 350.00, 2, 3, 5, 'stefdecaro@gmail.com', 'lucaambruoso@gmail.com', NULL),
('Bilocale', TRUE, 'Dolcevita Salernitana: Bilocale Confortevole', 40, 1, 1, 'A++', TRUE, '2024-01-20', TRUE, TRUE, 'Esperienza di vita rilassante e confortevole nel cuore di Salerno. Questo bilocale accogliente è pensato per garantire comfort e tranquillità', TRUE, 975.00, 3, 4, 5, 'stefdecaro@gmail.com', 'giogioespo@gmail.com', '2024-01-25'),
('Bilocale', TRUE, 'Bilocale Serenità: Esperienza Rilassante', 55, 1, 1, 'A', TRUE, '2024-01-12', TRUE, TRUE, 'Un invito alla tranquillità e al relax nel cuore di Salerno. Questo bilocale offre un\'atmosfera serena e confortevole, progettata per garantire momenti di pace e relax durante il soggiorno', FALSE, 675.00, 3, 4, 5, 'mariomuratore@gmail.com', 'paolomoretti@gmail.com', NULL),
('Trilocale', TRUE, 'Angolo Tranquillo: Trilocale Confortevole', 80, 2, 1, 'A++', TRUE, '2024-01-20', TRUE, TRUE, 'Questo trilocale offre un ambiente sereno e confortevole, ideale per momenti di tranquillità e relax durante il soggiorno, garantendo una piacevole esperienza di comfort e benessere.', TRUE, 1100.00, 3, 5, 5, 'stefdecaro@gmail.com', 'andreaconti@gmail.com', '2024-01-25'),
('Trilocale', TRUE, 'Rifugio: Trilocale Accogliente', 75, 2, 1, 'A++', TRUE, '2024-01-25', TRUE, TRUE, 'Pensata per offrire comfort e calore. Questo trilocale accogliente è progettato per garantire un ambiente accogliente e confortevole, creando uno spazio invitante e rilassante per chi vi abita.', FALSE, 1000.00, 3, 5, 5, 'stefdecaro@gmail.com', 'chiararusso@gmail.com', NULL),
('Stanza condivisa', TRUE, 'Vita Salernitana in Comune', 11, 1, 1, 'B', TRUE, '2024-01-10', FALSE, FALSE, 'Offre un\'esperienza di vita comune e coinvolgente. Promuove la condivisione e la convivenza, consentendo agli inquilini di condividere i propri momenti, offrendo al contempo un ambiente confortevole e piacevole per interagire e studiare insieme.', FALSE, 350.00, 2, 1, 5, 'mariomuratore@gmail.com', 'marticosta@gmail.com', NULL),
('Stanza condivisa', TRUE, 'Vivere Insieme Salerno', 17, 1, 1, 'B', TRUE, '2024-01-22', FALSE, FALSE, 'Promuove un\'atmosfera conviviale, offrendo agli inquilini l\'opportunità di condividere esperienze e vivere appieno la vita locale, creando legami e momenti condivisi nella comunità salernitana.', FALSE, 500.00, 2, 1, 5, 'stefdecaro@gmail.com', 'giugatti@gmail.com', NULL),
('Camera', TRUE, 'Riposo nel Borgo Romano', 12, 1, 1, 'B', TRUE, '2024-01-10', FALSE, FALSE, 'Camera che offre un rifugio sereno e rilassante nel cuore di Roma. Questo spazio accogliente è progettato per garantire tranquillità e comfort.', TRUE, 450.00, 1, 1, 5, 'mariomuratore@gmail.com', 'marcorossi@gmail.com', '2024-01-15'),
('Camera', TRUE, 'Stanza Romana Vivace', 10, 1, 1, 'A', TRUE, '2024-01-11', FALSE, FALSE, ' Incarna lo spirito vivace e dinamico di Roma. Questo spazio vibrante offre un ambiente vivace e coinvolgente, ideale per immergersi nell\'energia contagiosa della città eterna.', TRUE, 400.00, 1, 1, 5, 'alessandramaione@gmail.com', 'kekkamancini@gmail.com', '2024-01-16'),
('Monolocale', TRUE, 'Spazio del Colosseo', 38, 1, 1, 'A+', TRUE, '2024-01-20', TRUE, TRUE, 'Immersa nella storia millenaria e nella bellezza senza tempo del Colosseo. Offre un\'atmosfera speciale che si fonde con la grandiosità di Roma, regalando agli ospiti un\'esperienza davvero memorabile e senza pari nel cuore della città eterna.', FALSE, 1200.00, 2, 3, 5, 'alessandramaione@gmail.com', 'sofybianchi@gmail.com', NULL),
('Monolocale', TRUE, 'Monolocale degli Artisti', 40, 1, 1, 'A', TRUE, '2024-01-21', TRUE, TRUE, 'Ispira la creatività e l\'espressione artistica. Questo ambiente offre un rifugio per gli amanti dell\'arte, un luogo dove colori, ispirazione e libertà si fondono per creare un\'atmosfera ideale per l\'espressione artistica.', FALSE, 1100.00, 3, 3, 5, 'alessandramaione@gmail.com', 'lucaambruoso@gmail.com', NULL),
('Bilocale', TRUE, 'Rifugio nel Cuore di Roma', 60, 1, 1, 'A++', TRUE, '2024-01-22', TRUE, TRUE, 'Offre un\'oasi accogliente e rilassante nel centro della città eterna. È progettato per offrire riposo e tranquillità.', TRUE, 1450.00, 3, 4, 5, 'alessandramaione@gmail.com', 'giogioespo@gmail.com', '2024-01-27'),
('Bilocale', TRUE, 'Bilocale dal Carattere Romano', 55, 1, 1, 'A+', TRUE, '2024-01-22', TRUE, TRUE, 'Accattivante  per un appartamento che riflette e celebra l\'autenticità e l\'essenza di Roma.Cattura lo spirito e l\'eredità storica della città rendendo così il soggiorno un\'esperienza davvero memorabile e unica.', TRUE, 1450.00, 3, 4, 5, 'alessandramaione@gmail.com', 'paolomoretti@gmail.com', '2024-01-27'),
('Trilocale', TRUE, 'Trastevere Charme', 100, 2, 1, 'A++', TRUE, '2024-01-23', FALSE, TRUE, ' Questo spazio incantevole offre un\'esperienza unica, immergendo gli ospiti nell\'incantevole atmosfera del quartiere, con le sue stradine acciottolate, i locali caratteristici e l\'autenticità romana.', TRUE, 1750.00, 4, 5, 5, 'mariomuratore@gmail.com', 'andreaconti@gmail.com', '2024-01-28'),
('Trilocale', TRUE, 'Trilocale Romantico', 94, 2, 1, 'A', TRUE, '2024-01-22', FALSE, TRUE, 'Incarna l\'atmosfera romantica e suggestiva di Roma. Ambiente accogliente e affascinante, progettato per creare un\'esperienza speciale per  chiunque cerchi un ambiente intimo e romantico.', TRUE, 1800.00, 3, 5, 5, 'alessandramaione@gmail.com', 'chiararusso@gmail.com', '2024-01-27'),
('Stanza condivisa', TRUE, 'Vita Comune al Trastevere: Atmosfera Locale', 13, 1, 1, 'B', TRUE, '2024-01-12', FALSE, TRUE, 'Offre un\'opportunità unica di immergersi nell\'atmosfera vibrante, nella cultura e nella vivacità della vita romana nel caratteristico quartiere Trastevere, creando legami e momenti condivisi tra coinquilini.', TRUE, 475.00, 2, 1, 5, 'alessandramaione@gmail.com', 'marticosta@gmail.com', '2024-01-16'),
('Stanza condivisa', TRUE, 'Camera della Storia: Passato Condiviso', 17, 1, 1, 'C', TRUE, '2024-01-12', FALSE, TRUE, 'Celebra e condivide il ricco patrimonio storico di Roma. Questo ambiente accogliente e unico unisce persone provenienti da diverse culture e storie.', TRUE, 500.00, 2, 1, 5, 'mariomuratore@gmail.com', 'giugatti@gmail.com', '2024-01-17'),
('Camera', TRUE, 'Camera delle Emozioni', 12, 1, 1, 'A', TRUE, '2024-01-24', FALSE, TRUE, ' Rappresenta un\'esperienza coinvolgente e stimolante all\'interno di una camera curata. Progettato per suscitare sensazioni e stimolare i sensi degli ospiti, tramite l\'uso di colori.', TRUE, 380.00, 1, 1, 5, 'alexdeluca@gmail.com', 'kekkamancini@gmail.com', '2024-01-29'),
('Camera', TRUE, 'Culla del Riposo', 11, 1, 1, 'B', TRUE, '2024-01-20', FALSE, FALSE, 'Rappresentare una camera progettata per offrire un ambiente confortevole, che invita al relax e alla rigenerazione, facendo sentire gli ospiti come se fossero cullati in un ambiente rassicurante e tranquillo.', TRUE, 450.00, 1, 1, 5, 'alexdeluca@gmail.com', 'marcorossi@gmail.com', '2024-01-25'),
('Monolocale', TRUE, 'Monolocale della Movida', 25, 1, 1, 'A', TRUE, '2024-01-16', TRUE, TRUE, 'Spazio vivace e dinamico situato in una delle zone più animate di Milano', TRUE, 1150.00, 2, 3, 5, 'alexdeluca@gmail.com', 'sofybianchi@gmail.com', '2024-01-23'),
('Monolocale', TRUE, 'Oasi Milanese', 26, 1, 1, 'B', TRUE, '2024-01-17', TRUE, TRUE, 'Evoca un\'immagine di tranquillità e comfort nel cuore di Milano. Questo monolocale offre un rifugio accogliente e rilassante, contrastando l\'effervescenza della città.', FALSE, 850.00, 2, 3, 5, 'alexdeluca@gmail.com', 'lucaambruoso@gmail.com', NULL),
('Bilocale', TRUE, 'Bilocale del Duomo', 57, 1, 1, 'A+', TRUE, '2024-01-20', TRUE, TRUE, 'Evoca un\'immagine di prestigio e storia nel cuore di Milano. Questo spazio offre un\'atmosfera storica e una vista mozzafiato sul celebre Duomo, simbolo della città.', FALSE, 1250.00, 3, 4, 5, 'alexdeluca@gmail.com', 'giogioespo@gmail.com', NULL),
('Bilocale', TRUE, 'Bilocale delle Meraviglie', 55, 1, 1, 'B', TRUE, '2024-01-11', TRUE, TRUE, 'Ambiente incantevole e sorprendente, un rifugio che offre un\'esperienza straordinaria. Ricco di dettagli affascinanti e atmosfera suggestiva, che cattura l\'immaginazione e offre un\'esperienza indimenticabile nel cuore di Milano.', FALSE, 875.00, 3, 4, 5, 'alexdeluca@gmail.com', 'paolomoretti@gmail.com', NULL),
('Trilocale', TRUE, 'Trilocale del Naviglio', 100, 2, 1, 'A++', TRUE, '2024-01-20', TRUE, TRUE, 'Appartamento situato nei pressi del Naviglio, una zona caratteristica di Milano ricca di vita e cultura.', FALSE, 1850.00, 4, 5, 5, 'alexdeluca@gmail.com', 'andreaconti@gmail.com', NULL),
('Trilocale', TRUE, 'Trilocale della Scala', 96, 2, 1, 'A+', TRUE, '2024-01-20', TRUE, TRUE, 'Appartamento situato nei pressi del Teatro alla Scala . Offre un\'atmosfera culturale e sofisticata, ideale per gli amanti della musica e dell\'arte.', TRUE, 1375.00, 2, 5, 5, 'alexdeluca@gmail.com', 'chiararusso@gmail.com', '2024-01-24'),
('Stanza condivisa', TRUE, 'Stanza del Relax', 17, 1, 1, 'A', TRUE, '2024-01-20', FALSE, FALSE, 'Ambiente tranquillo e accogliente, progettato per offrire agli ospiti un luogo di riposo e tranquillità.', FALSE, 650.00, 2, 1, 5, 'alexdeluca@gmail.com', 'marticosta@gmail.com', NULL),
('Stanza condivisa', TRUE, 'Stanza Chic: Design Elegante', 13, 1, 1, 'B', TRUE, '2024-01-20', FALSE, TRUE, 'Ambiente tranquillo e accogliente, progettato per offrire agli ospiti un luogo di riposo e tranquillità.', FALSE, 540.00, 2, 1, 5, 'alexdeluca@gmail.com', 'giugatti@gmail.com', NULL);


-- Popolamento della tabella Indirizzo
INSERT INTO Indirizzo (id_alloggio, via, cap, civico, citta, provincia) VALUES
(1, 'Via Dante Alighieri', '80144', '34', 'Secondigliano', 'NA'),
(2, 'Via Giuseppe Ferrigni', '80121', '20', 'Napoli', 'NA'),
(3, 'Via Giosuè Carducci', '80121', '31', 'Napoli', 'NA'),
(4, 'Via Santa Teresa a Chiaia', '80121', '9', 'Napoli', 'NA'),
(5, 'Via Giovanni Bausan', '80121', '10', 'Napoli', 'NA'),
(6, 'Via dei Mille', '80121', '8', 'Napoli', 'NA'),
(7, 'Via Santa Caterina Spina Corona', '80138', '47', 'Napoli', 'NA'),
(8, 'Via Giacomo Fontana', '80013', '10', 'Casalnuovo di Napoli', 'NA'),
(9, 'Via San Rocco', '80038', '22', 'Pomigliano d\'Arco', 'NA'),
(10, 'Via Antonio Labriola', '80144', '40', 'Scampia', 'NA'),
(11, 'Via Bastioni', '84122', '120', 'Salerno', 'SA'),
(12, 'Via dei Canali', '84121', '4', 'Salerno', 'SA'),
(13, 'Via Spinosa', '84121', '6', 'Salerno', 'SA'),
(14, 'Viale Europa', '84084', '29', 'Fisciano', 'SA'),
(15, 'Via Vincenzo Sica', '84125', '50', 'Salerno', 'SA'),
(16, 'Via della Rimembranza', '84084', '1', 'Fisciano', 'SA'),
(17, 'Via Roma', '84121', '29', 'Salerno', 'SA'),
(18, 'Via della Libertà', '84084', '3', 'Fisciano', 'SA'),
(19, 'Via Giovanni Falcone', '84081', '8', 'Baronissi', 'SA'),
(20, 'Via Unità D\'Italia', '84081', '34', 'Baronissi', 'SA'),
(21, 'Via del Mattonato', '00153', '10', 'Roma', 'RM'),
(22, 'Via di Porta San Pancrazio', '00153', '11', 'Roma', 'RM'),
(23, 'Via Anicia', '00153', '9', 'Roma', 'RM'),
(24, 'Via Ludovico di Savoia', '00185', '40', 'Roma', 'RM'),
(25, 'Via Francesco Siacci', '00197', '30', 'Roma', 'RM'),
(26, 'Via Francesco Mengotti', '00191', '25', 'Roma', 'RM'),
(27, 'Via Antonio Serra', '00191', '15', 'Roma', 'RM'),
(28, 'Via di Grottarossa', '00189', '5', 'Roma', 'RM'),
(29, 'Viale Bruno Buozzi', '00197', '7', 'Roma', 'RM'),
(30, 'Via Flaminia', '00196', '77', 'Roma', 'RM'),
(31, 'Via Antonio Kramer', '20129', '7', 'Milano', 'MI'),
(32, 'Via Rutilia', '20141', '11', 'Milano', 'MI'),
(33, 'Via Francesco Redi', '20129', '90', 'Milano', 'MI'),
(34, 'Via Giuseppe Colombo', '20133', '45', 'Milano', 'MI'),
(35, 'Via Giuseppe Longhi', '20137', '9', 'Milano', 'MI'),
(36, 'Via Cesare Lombroso', '20137', '33', 'Milano', 'MI'),
(37, 'Via Giuseppe Balzaretti', '20133', '45', 'Milano', 'MI'),
(38, 'Via Montebello', '20121', '23', 'Milano', 'MI'),
(39, 'Via San Barnaba', '20122', '11', 'Milano', 'MI'),
(40, 'Via Carlo Darwin', '20143', '3', 'Milano', 'MI');


-- Popolamento della tabella Immagine
INSERT INTO Immagine (id_alloggio, path) VALUES
(1, 'static/alloggi/1/SoleMare_1.jpg'),
(1, 'static/alloggi/1/SoleMare_2.jpg'),
(1, 'static/alloggi/1/SoleMare_3.jpg'),
(2, 'static/alloggi/2/VistaVesuvio_1.jpg'),
(2, 'static/alloggi/2/VistaVesuvio_2.jpg'),
(2, 'static/alloggi/2/VistaVesuvio_3.jpg'),
(3, 'static/alloggi/3/NidoPartenopeo_1.jpg'),
(3, 'static/alloggi/3/NidoPartenopeo_2.jpg'),
(3, 'static/alloggi/3/NidoPartenopeo_3.jpg'),
(4, 'static/alloggi/4/SoleMare_1.jpg'),
(4, 'static/alloggi/4/SoleMare_2.jpg'),
(4, 'static/alloggi/4/SoleMare_3.jpg'),
(5, 'static/alloggi/5/DolceNapoli_1.jpg'),
(5, 'static/alloggi/5/DolceNapoli_2.jpg'),
(5, 'static/alloggi/5/DolceNapoli_3.jpg'),
(6, 'static/alloggi/6/BilocaledeiColori_1.jpg'),
(6, 'static/alloggi/6/BilocaledeiColori_2.jpg'),
(6, 'static/alloggi/6/BilocaledeiColori_3.jpg'),
(7, 'static/alloggi/7/BrezzaGolfo_1.jpg'),
(7, 'static/alloggi/7/BrezzaGolfo_2.jpg'),
(7, 'static/alloggi/7/BrezzaGolfo_3.jpg'),
(8, 'static/alloggi/8/NidoNapoli_1.jpg'),
(8, 'static/alloggi/8/NidoNapoli_2.jpg'),
(8, 'static/alloggi/8/NidoNapoli_3.jpg'),
(9, 'static/alloggi/9/StanzaSorrisi_1.jpg'),
(9, 'static/alloggi/9/StanzaSorrisi_2.jpg'),
(9, 'static/alloggi/9/StanzaSorrisi_3.jpg'),
(10, 'static/alloggi/10/VivereInsieme_1.jpg'),
(10, 'static/alloggi/10/VivereInsieme_2.jpg'),
(10, 'static/alloggi/10/VivereInsieme_3.jpg'),
(11, 'static/alloggi/11/StanzaDolceSalerno_1.jpg'),
(11, 'static/alloggi/11/StanzaDolceSalerno_2.jpg'),
(11, 'static/alloggi/11/StanzaDolceSalerno_3.jpg'),
(12, 'static/alloggi/12/OasiUrbana_1.jpg'),
(12, 'static/alloggi/12/OasiUrbana_2.jpg'),
(12, 'static/alloggi/12/OasiUrbana_3.jpg'),
(13, 'static/alloggi/13/AngoloSereno_1.jpg'),
(13, 'static/alloggi/13/AngoloSereno_2.jpg'),
(13, 'static/alloggi/13/AngoloSereno_3.jpg'),
(14, 'static/alloggi/14/NidoUrbano_1.jpg'),
(14, 'static/alloggi/14/NidoUrbano_2.jpg'),
(14, 'static/alloggi/14/NidoUrbano_3.jpg'),
(15, 'static/alloggi/15/DolcevitaSalernitana_1.jpg'),
(15, 'static/alloggi/15/DolcevitaSalernitana_2.jpg'),
(15, 'static/alloggi/15/DolcevitaSalernitana_3.jpg'),
(16, 'static/alloggi/16/BilocaleSerenità_1.jpg'),
(16, 'static/alloggi/16/BilocaleSerenità_2.jpg'),
(16, 'static/alloggi/16/BilocaleSerenità_3.jpg'),
(17, 'static/alloggi/17/AngoloTranquillo_1.jpg'),
(17, 'static/alloggi/17/AngoloTranquillo_2.jpg'),
(17, 'static/alloggi/17/AngoloTranquillo_3.jpg'),
(18, 'static/alloggi/18/Rifugio_1.jpg'),
(18, 'static/alloggi/18/Rifugio_2.jpg'),
(18, 'static/alloggi/18/Rifugio_3.jpg'),
(19, 'static/alloggi/19/VitaSalernitanainComune_1.jpg'),
(19, 'static/alloggi/19/VitaSalernitanainComune_2.jpg'),
(19, 'static/alloggi/19/VitaSalernitanainComune_3.jpg'),
(20, 'static/alloggi/20/VivereInsiemeSalerno_1.jpg'),
(20, 'static/alloggi/20/VivereInsiemeSalerno_2.jpg'),
(20, 'static/alloggi/20/VivereInsiemeSalerno_3.jpg'),
(21, 'static/alloggi/21/RiposoBorgoRomano_1.jpg'),
(21, 'static/alloggi/21/RiposoBorgoRomano_2.jpg'),
(21, 'static/alloggi/21/RiposoBorgoRomano_3.jpg'),
(22, 'static/alloggi/22/StanzaRomanaVivace_1.jpg'),
(22, 'static/alloggi/22/StanzaRomanaVivace_2.jpg'),
(22, 'static/alloggi/22/StanzaRomanaVivace_3.jpg'),
(23, 'static/alloggi/23/SpazioColosseo_1.jpg'),
(23, 'static/alloggi/23/SpazioColosseo_2.jpg'),
(23, 'static/alloggi/23/SpazioColosseo_3.jpg'),
(24, 'static/alloggi/24/MonolocaleArtisti_1.jpg'),
(24, 'static/alloggi/24/MonolocaleArtisti_2.jpg'),
(24, 'static/alloggi/24/MonolocaleArtisti_3.jpg'),
(25, 'static/alloggi/25/RifugioCuoreRoma_1.jpg'),
(25, 'static/alloggi/25/RifugioCuoreRoma_2.jpg'),
(25, 'static/alloggi/25/RifugioCuoreRoma_3.jpg'),
(26, 'static/alloggi/26/BilocaleRomano_1.jpg'),
(26, 'static/alloggi/26/BilocaleRomano_2.jpg'),
(26, 'static/alloggi/26/BilocaleRomano_3.jpg'),
(27, 'static/alloggi/27/TrastevereCharme_1.jpg'),
(27, 'static/alloggi/27/TrastevereCharme_2.jpg'),
(27, 'static/alloggi/27/TrastevereCharme_3.jpg'),
(28, 'static/alloggi/28/TrilocaleRomantico_1.jpg'),
(28, 'static/alloggi/28/TrilocaleRomantico_2.jpg'),
(28, 'static/alloggi/28/TrilocaleRomantico_3.jpg'),
(29, 'static/alloggi/29/VitaComuneTrastevere_1.jpg'),
(29, 'static/alloggi/29/VitaComuneTrastevere_2.jpg'),
(29, 'static/alloggi/29/VitaComuneTrastevere_3.jpg'),
(30, 'static/alloggi/30/CameradellaStoria_1.jpg'),
(30, 'static/alloggi/30/CameradellaStoria_2.jpg'),
(30, 'static/alloggi/30/CameradellaStoria_3.jpg'),
(31, 'static/alloggi/31/CameraEmozioni_1.jpg'),
(31, 'static/alloggi/31/CameraEmozioni_2.jpg'),
(31, 'static/alloggi/31/CameraEmozioni_3.jpg'),
(32, 'static/alloggi/32/CulladelRiposo_1.jpg'),
(32, 'static/alloggi/32/CulladelRiposo_2.jpg'),
(32, 'static/alloggi/32/CulladelRiposo_3.jpg'),
(33, 'static/alloggi/33/MonolocaleMovida_1.jpg'),
(33, 'static/alloggi/33/MonolocaleMovida_2.jpg'),
(33, 'static/alloggi/33/MonolocaleMovida_3.jpg'),
(34, 'static/alloggi/34/OasiMilanese_1.jpg'),
(34, 'static/alloggi/34/OasiMilanese_2.jpg'),
(34, 'static/alloggi/34/OasiMilanese_3.jpg'),
(35, 'static/alloggi/35/BilocaleDuomo_1.jpg'),
(35, 'static/alloggi/35/BilocaleDuomo_2.jpg'),
(35, 'static/alloggi/35/BilocaleDuomo_3.jpg'),
(36, 'static/alloggi/36/BilocaleMeraviglie_1.jpg'),
(36, 'static/alloggi/36/BilocaleMeraviglie_2.jpg'),
(36, 'static/alloggi/36/BilocaleMeraviglie_3.jpg'),
(37, 'static/alloggi/37/TrilocaleNaviglio_1.jpg'),
(37, 'static/alloggi/37/TrilocaleNaviglio_2.jpg'),
(37, 'static/alloggi/37/TrilocaleNaviglio_3.jpg'),
(38, 'static/alloggi/38/TrilocaleScala_1.jpg'),
(38, 'static/alloggi/38/TrilocaleScala_2.jpg'),
(38, 'static/alloggi/38/TrilocaleScala_3.jpg'),
(39, 'static/alloggi/39/StanzadelRelax_1.jpg'),
(39, 'static/alloggi/39/StanzadelRelax_2.jpg'),
(39, 'static/alloggi/39/StanzadelRelax_3.jpg'),
(40, 'static/alloggi/40/StanzaChic_1.jpg'),
(40, 'static/alloggi/40/StanzaChic_2.jpg'),
(40, 'static/alloggi/40/StanzaChic_3.jpg');


-- Popolamento della tabella Affittare
INSERT INTO Affittare (id_alloggio, email, data_inizio, data_fine, numero_carta, mese_scadenza, anno_scadenza, prezzo) VALUES
(3, 'sofiaesposito@gmail.com', '2024-01-15', '2024-07-30', '3546746378291034', 1, 2025, 5600.00),
(5, 'laurawhite@gmail.com', '2024-02-01', '2024-07-30', '9876543210987654', 5, 2024, 5400.00),
(5, 'laurawhite@gmail.com', '2024-09-01', '2025-07-30', '9876543210987654', 5, 2024, 9000.00),
(7, 'mariorossi@gmail.com', '2024-02-01', '2024-07-01', '1234567890123456', 10, 2025, 7000.00),
(11, 'antoalbanese@gmail.com', '2024-02-01', '2024-07-30', '3546374789092364', 7, 2024, 1750.00),
(13, 'francescopixcont@gmail.com', '2024-02-01', '2024-07-30', '4657283767900123', 2, 2024, 3250.00),
(13, 'francescopixcont@gmail.com', '2024-09-01', '2025-07-30', '4657283767900123', 2, 2024, 6500.00),
(15, 'cristyanesp@gmail.com', '2024-04-01', '2024-04-20', '9085362718192346', 7, 2024, 2925.00),
(17, 'ilianofaso@gmail.com', '2024-02-01', '2024-06-20', '8573653989023647', 1, 2024, 4400.00),
(18, 'marcogreco@gmail.com', '2024-02-01', '2024-07-30', '9046276473892912', 2, 2024, 5000.00),
(19, 'giupiosorr@gmail.com', '2024-02-01', '2024-07-30', '4536174783921224', 6, 2024, 1750.00),
(21, 'gioromano@gmail.com', '2024-02-01', '2024-07-30', '6574837392817454', 1, 2024, 4250.00),
(24, 'giorgioferraro@gmail.com', '2024-02-01', '2024-07-30', '9085362718192346', 6, 2024, 2000.00),
(27, 'giomastro@gmail.com', '2024-02-01', '2024-07-30', '5555666677778888', 9, 2024, 2100.00),
(32, 'saramarti@gmail.com', '2024-02-01', '2024-07-30', '4321098765432109', 7, 2024, 3550.00),
(34, 'matteobianchi@gmail.com', '2024-02-01', '2024-07-30', '9857362548907847', 12, 2024, 1375.00),
(37, 'greenluigi@gmail.com', '2024-02-01', '2024-07-30', '1111222233334444', 7, 2026, 3200.00);


-- Popolamento della tabella Prenotazione
INSERT INTO Prenotazione (id_alloggio, email, data_visita, disponibilita) VALUES
(1, 'kekkamancini@gmail.com', '2024-01-12 15:00:00', true),
(1, 'kekkamancini@gmail.com', '2024-01-12 15:30:00', true),
(1, 'kekkamancini@gmail.com', '2024-01-13 16:00:00', true),
(1, 'kekkamancini@gmail.com', '2024-01-13 16:30:00', true),
(1, 'kekkamancini@gmail.com', '2024-01-14 17:00:00', true),
(1, 'kekkamancini@gmail.com', '2024-01-14 17:30:00', true),
(2, 'marcorossi@gmail.com', '2024-01-03 10:00:00', true),
(2, 'marcorossi@gmail.com', '2024-01-03 10:30:00', true),
(2, 'marcorossi@gmail.com', '2024-01-04 11:00:00', true),
(2, 'marcorossi@gmail.com', '2024-01-04 11:30:00', true),
(2, 'marcorossi@gmail.com', '2024-01-05 12:00:00', true),
(2, 'marcorossi@gmail.com', '2024-01-05 12:30:00', true),
(3, 'sofybianchi@gmail.com', '2024-01-11 10:00:00', true),
(3, 'sofybianchi@gmail.com', '2024-01-11 11:00:00', true),
(3, 'sofybianchi@gmail.com', '2024-01-11 12:00:00', true),
(3, 'sofybianchi@gmail.com', '2024-01-11 13:00:00', true),
(3, 'sofybianchi@gmail.com', '2024-01-11 16:00:00', true),
(3, 'sofybianchi@gmail.com', '2024-01-11 17:00:00', true),
(4, 'lucaambruoso@gmail.com', '2024-01-15 11:30:00', true),
(4, 'lucaambruoso@gmail.com', '2024-01-15 12:30:00', true),
(4, 'lucaambruoso@gmail.com', '2024-01-16 15:30:00', true),
(4, 'lucaambruoso@gmail.com', '2024-01-16 16:30:00', true),
(4, 'lucaambruoso@gmail.com', '2024-01-17 09:30:00', true),
(4, 'lucaambruoso@gmail.com', '2024-01-17 10:30:00', true),
(5, 'giogioespo@gmail.com', '2024-01-03 12:00:00', true),
(5, 'giogioespo@gmail.com', '2024-01-04 12:00:00', true),
(5, 'giogioespo@gmail.com', '2024-01-05 12:00:00', true),
(5, 'giogioespo@gmail.com', '2024-01-06 12:00:00', true),
(5, 'giogioespo@gmail.com', '2024-01-07 12:00:00', true),
(5, 'giogioespo@gmail.com', '2024-01-08 12:00:00', true),
(6, 'paolomoretti@gmail.com', '2024-01-21 09:00:00', true),
(6, 'paolomoretti@gmail.com', '2024-01-22 09:00:00', true),
(6, 'paolomoretti@gmail.com', '2024-01-23 09:00:00', true),
(6, 'paolomoretti@gmail.com', '2024-01-24 09:00:00', true),
(6, 'paolomoretti@gmail.com', '2024-01-25 09:00:00', true),
(6, 'paolomoretti@gmail.com', '2024-01-26 09:00:00', true),
(7, 'andreaconti@gmail.com', '2024-01-13 13:00:00', true),
(7, 'andreaconti@gmail.com', '2024-01-14 13:00:00', true),
(7, 'andreaconti@gmail.com', '2024-01-15 13:00:00', true),
(7, 'andreaconti@gmail.com', '2024-01-16 13:00:00', true),
(7, 'andreaconti@gmail.com', '2024-01-17 13:00:00', true),
(7, 'andreaconti@gmail.com', '2024-01-18 13:00:00', true),
(8, 'chiararusso@gmail.com', '2024-01-11 10:00:00', true),
(8, 'chiararusso@gmail.com', '2024-01-11 10:30:00', true),
(8, 'chiararusso@gmail.com', '2024-01-12 10:00:00', true),
(8, 'chiararusso@gmail.com', '2024-01-12 10:30:00', true),
(8, 'chiararusso@gmail.com', '2024-01-13 10:00:00', true),
(8, 'chiararusso@gmail.com', '2024-01-13 10:30:00', true),
(9, 'marticosta@gmail.com', '2024-01-15 12:00:00', true),
(9, 'marticosta@gmail.com', '2024-01-15 12:30:00', true),
(9, 'marticosta@gmail.com', '2024-01-15 13:0:00', true),
(9, 'marticosta@gmail.com', '2024-01-16 12:00:00', true),
(9, 'marticosta@gmail.com', '2024-01-16 12:30:00', true),
(9, 'marticosta@gmail.com', '2024-01-16 13:0:00', true),
(10, 'giugatti@gmail.com', '2024-01-15 12:00:00', true),
(10, 'giugatti@gmail.com', '2024-01-16 12:00:00', true),
(10, 'giugatti@gmail.com', '2024-01-17 12:00:00', true),
(10, 'giugatti@gmail.com', '2024-01-18 12:00:00', true),
(10, 'giugatti@gmail.com', '2024-01-19 12:00:00', true),
(10, 'giugatti@gmail.com', '2024-01-20 12:00:00', true),
(11, 'kekkamancini@gmail.com', '2024-01-23 12:00:00', true),
(11, 'kekkamancini@gmail.com', '2024-01-23 13:00:00', true),
(11, 'kekkamancini@gmail.com', '2024-01-23 14:00:00', true),
(11, 'kekkamancini@gmail.com', '2024-01-23 15:00:00', true),
(11, 'kekkamancini@gmail.com', '2024-01-23 16:00:00', true),
(11, 'kekkamancini@gmail.com', '2024-01-23 17:00:00', true),
(12, 'marcorossi@gmail.com', '2024-01-17 10:00:00', true),
(12, 'marcorossi@gmail.com', '2024-01-18 10:00:00', true),
(12, 'marcorossi@gmail.com', '2024-01-19 10:00:00', true),
(12, 'marcorossi@gmail.com', '2024-01-17 11:00:00', true),
(12, 'marcorossi@gmail.com', '2024-01-18 11:00:00', true),
(12, 'marcorossi@gmail.com', '2024-01-19 11:00:00', true),
(13, 'sofybianchi@gmail.com', '2024-01-15 11:00:00', true),
(13, 'sofybianchi@gmail.com', '2024-01-16 11:00:00', true),
(13, 'sofybianchi@gmail.com', '2024-01-17 11:00:00', true),
(13, 'sofybianchi@gmail.com', '2024-01-15 12:00:00', true),
(13, 'sofybianchi@gmail.com', '2024-01-16 12:00:00', true),
(13, 'sofybianchi@gmail.com', '2024-01-17 12:00:00', true),
(14, 'lucaambruoso@gmail.com', '2024-01-11 10:00:00', true),
(14, 'lucaambruoso@gmail.com', '2024-01-11 11:00:00', true),
(14, 'lucaambruoso@gmail.com', '2024-01-11 12:00:00', true),
(14, 'lucaambruoso@gmail.com', '2024-01-12 10:00:00', true),
(14, 'lucaambruoso@gmail.com', '2024-01-12 11:00:00', true),
(14, 'lucaambruoso@gmail.com', '2024-01-12 12:00:00', true),
(15, 'giogioespo@gmail.com', '2024-01-25 15:00:00', true),
(15, 'giogioespo@gmail.com', '2024-01-25 16:00:00', true),
(15, 'giogioespo@gmail.com', '2024-01-25 17:00:00', true),
(15, 'giogioespo@gmail.com', '2024-01-26 15:00:00', true),
(15, 'giogioespo@gmail.com', '2024-01-26 16:00:00', true),
(15, 'giogioespo@gmail.com', '2024-01-26 17:00:00', true),
(16, 'paolomoretti@gmail.com', '2024-01-16 17:00:00', true),
(16, 'paolomoretti@gmail.com', '2024-01-16 18:00:00', true),
(16, 'paolomoretti@gmail.com', '2024-01-16 18:30:00', true),
(16, 'paolomoretti@gmail.com', '2024-01-17 17:00:00', true),
(16, 'paolomoretti@gmail.com', '2024-01-17 18:00:00', true),
(16, 'paolomoretti@gmail.com', '2024-01-17 18:30:00', true),
(17, 'andreaconti@gmail.com', '2024-01-26 15:30:00', true),
(17, 'andreaconti@gmail.com', '2024-01-26 16:30:00', true),
(17, 'andreaconti@gmail.com', '2024-01-26 17:30:00', true),
(17, 'andreaconti@gmail.com', '2024-01-27 15:30:00', true),
(17, 'andreaconti@gmail.com', '2024-01-27 16:30:00', true),
(17, 'andreaconti@gmail.com', '2024-01-27 17:30:00', true),
(18, 'chiararusso@gmail.com', '2024-01-27 17:30:00', true),
(18, 'chiararusso@gmail.com', '2024-01-28 17:30:00', true),
(18, 'chiararusso@gmail.com', '2024-01-29 17:30:00', true),
(18, 'chiararusso@gmail.com', '2024-01-30 17:30:00', true),
(18, 'chiararusso@gmail.com', '2024-02-01 17:30:00', true),
(18, 'chiararusso@gmail.com', '2024-02-02 17:30:00', true),
(19, 'marticosta@gmail.com', '2024-01-12 17:30:00', true),
(19, 'marticosta@gmail.com', '2024-01-12 18:30:00', true),
(19, 'marticosta@gmail.com', '2024-01-12 19:30:00', true),
(19, 'marticosta@gmail.com', '2024-01-13 17:30:00', true),
(19, 'marticosta@gmail.com', '2024-01-13 18:30:00', true),
(19, 'marticosta@gmail.com', '2024-01-13 19:30:00', true),
(20, 'giugatti@gmail.com', '2024-01-21 19:30:00', true),
(20, 'giugatti@gmail.com', '2024-01-22 19:30:00', true),
(20, 'giugatti@gmail.com', '2024-01-23 19:30:00', true),
(20, 'giugatti@gmail.com', '2024-01-24 19:30:00', true),
(20, 'giugatti@gmail.com', '2024-01-25 19:30:00', true),
(20, 'giugatti@gmail.com', '2024-01-26 19:30:00', true),
(21, 'marcorossi@gmail.com', '2024-01-20 19:30:00', true),
(21, 'marcorossi@gmail.com', '2024-01-21 19:30:00', true),
(21, 'marcorossi@gmail.com', '2024-01-22 19:30:00', true),
(21, 'marcorossi@gmail.com', '2024-01-23 19:30:00', true),
(21, 'marcorossi@gmail.com', '2024-01-24 19:30:00', true),
(21, 'marcorossi@gmail.com', '2024-01-25 19:30:00', true),
(22, 'kekkamancini@gmail.com', '2024-01-20 15:30:00', true),
(22, 'kekkamancini@gmail.com', '2024-01-20 16:30:00', true),
(22, 'kekkamancini@gmail.com', '2024-01-20 17:30:00', true),
(22, 'kekkamancini@gmail.com', '2024-01-21 15:30:00', true),
(22, 'kekkamancini@gmail.com', '2024-01-21 16:30:00', true),
(22, 'kekkamancini@gmail.com', '2024-01-21 17:30:00', true),
(23, 'sofybianchi@gmail.com', '2024-01-21 17:30:00', true),
(23, 'sofybianchi@gmail.com', '2024-01-22 17:30:00', true),
(23, 'sofybianchi@gmail.com', '2024-01-23 17:30:00', true),
(23, 'sofybianchi@gmail.com', '2024-01-24 17:30:00', true),
(23, 'sofybianchi@gmail.com', '2024-01-25 17:30:00', true),
(23, 'sofybianchi@gmail.com', '2024-01-26 17:30:00', true),
(24, 'lucaambruoso@gmail.com', '2024-01-22 14:30:00', true),
(24, 'lucaambruoso@gmail.com', '2024-01-22 15:30:00', true),
(24, 'lucaambruoso@gmail.com', '2024-01-22 16:30:00', true),
(24, 'lucaambruoso@gmail.com', '2024-01-22 17:30:00', true),
(24, 'lucaambruoso@gmail.com', '2024-01-22 18:30:00', true),
(25, 'giogioespo@gmail.com', '2024-01-28 09:30:00', true),
(25, 'giogioespo@gmail.com', '2024-01-28 10:30:00', true),
(25, 'giogioespo@gmail.com', '2024-01-28 11:30:00', true),
(25, 'giogioespo@gmail.com', '2024-01-28 12:30:00', true),
(26, 'paolomoretti@gmail.com', '2024-01-28 12:30:00', true),
(26, 'paolomoretti@gmail.com', '2024-01-29 12:30:00', true),
(26, 'paolomoretti@gmail.com', '2024-01-30 12:30:00', true),
(26, 'paolomoretti@gmail.com', '2024-01-31 12:30:00', true),
(27, 'andreaconti@gmail.com', '2024-01-31 10:30:00', true),
(27, 'andreaconti@gmail.com', '2024-01-31 11:30:00', true),
(27, 'andreaconti@gmail.com', '2024-01-31 12:30:00', true),
(27, 'andreaconti@gmail.com', '2024-01-31 13:30:00', true),
(28, 'chiararusso@gmail.com', '2024-01-31 14:30:00', true),
(28, 'chiararusso@gmail.com', '2024-01-31 15:30:00', true),
(28, 'chiararusso@gmail.com', '2024-01-31 16:30:00', true),
(28, 'chiararusso@gmail.com', '2024-01-31 17:30:00', true),
(29, 'marticosta@gmail.com', '2024-02-01 17:30:00', true),
(29, 'marticosta@gmail.com', '2024-02-02 17:30:00', true),
(29, 'marticosta@gmail.com', '2024-02-03 17:30:00', true),
(29, 'marticosta@gmail.com', '2024-02-04 17:30:00', true),
(30, 'giugatti@gmail.com', '2024-01-31 17:30:00', true),
(30, 'giugatti@gmail.com', '2024-01-31 18:30:00', true),
(30, 'giugatti@gmail.com', '2024-01-31 19:30:00', true),
(30, 'giugatti@gmail.com', '2024-01-31 20:30:00', true),
(31, 'kekkamancini@gmail.com', '2024-01-12 15:00:00', true),
(31, 'kekkamancini@gmail.com', '2024-01-12 15:30:00', true),
(31, 'kekkamancini@gmail.com', '2024-01-13 16:00:00', true),
(31, 'kekkamancini@gmail.com', '2024-01-13 16:30:00', true),
(31, 'kekkamancini@gmail.com', '2024-01-14 17:00:00', true),
(31, 'kekkamancini@gmail.com', '2024-01-14 17:30:00', true),
(32, 'marcorossi@gmail.com', '2024-01-03 10:00:00', true),
(32, 'marcorossi@gmail.com', '2024-01-03 10:30:00', true),
(32, 'marcorossi@gmail.com', '2024-01-04 11:00:00', true),
(32, 'marcorossi@gmail.com', '2024-01-04 11:30:00', true),
(32, 'marcorossi@gmail.com', '2024-01-05 12:00:00', true),
(32, 'marcorossi@gmail.com', '2024-01-05 12:30:00', true),
(33, 'sofybianchi@gmail.com', '2024-01-11 10:00:00', true),
(33, 'sofybianchi@gmail.com', '2024-01-11 11:00:00', true),
(33, 'sofybianchi@gmail.com', '2024-01-11 12:00:00', true),
(33, 'sofybianchi@gmail.com', '2024-01-11 13:00:00', true),
(33, 'sofybianchi@gmail.com', '2024-01-11 16:00:00', true),
(33, 'sofybianchi@gmail.com', '2024-01-11 17:00:00', true),
(34, 'lucaambruoso@gmail.com', '2024-01-15 11:30:00', true),
(34, 'lucaambruoso@gmail.com', '2024-01-15 12:30:00', true),
(34, 'lucaambruoso@gmail.com', '2024-01-16 15:30:00', true),
(34, 'lucaambruoso@gmail.com', '2024-01-16 16:30:00', true),
(34, 'lucaambruoso@gmail.com', '2024-01-17 09:30:00', true),
(34, 'lucaambruoso@gmail.com', '2024-01-17 10:30:00', true),
(35, 'giogioespo@gmail.com', '2024-01-03 12:00:00', true),
(35, 'giogioespo@gmail.com', '2024-01-04 12:00:00', true),
(35, 'giogioespo@gmail.com', '2024-01-05 12:00:00', true),
(35, 'giogioespo@gmail.com', '2024-01-06 12:00:00', true),
(35, 'giogioespo@gmail.com', '2024-01-07 12:00:00', true),
(35, 'giogioespo@gmail.com', '2024-01-08 12:00:00', true),
(36, 'paolomoretti@gmail.com', '2024-01-21 09:00:00', true),
(36, 'paolomoretti@gmail.com', '2024-01-22 09:00:00', true),
(36, 'paolomoretti@gmail.com', '2024-01-23 09:00:00', true),
(36, 'paolomoretti@gmail.com', '2024-01-24 09:00:00', true),
(36, 'paolomoretti@gmail.com', '2024-01-25 09:00:00', true),
(36, 'paolomoretti@gmail.com', '2024-01-26 09:00:00', true),
(37, 'andreaconti@gmail.com', '2024-01-13 13:00:00', true),
(37, 'andreaconti@gmail.com', '2024-01-14 13:00:00', true),
(37, 'andreaconti@gmail.com', '2024-01-15 13:00:00', true),
(37, 'andreaconti@gmail.com', '2024-01-16 13:00:00', true),
(37, 'andreaconti@gmail.com', '2024-01-17 13:00:00', true),
(37, 'andreaconti@gmail.com', '2024-01-18 13:00:00', true),
(38, 'chiararusso@gmail.com', '2024-01-11 10:00:00', true),
(38, 'chiararusso@gmail.com', '2024-01-11 10:30:00', true),
(38, 'chiararusso@gmail.com', '2024-01-12 10:00:00', true),
(38, 'chiararusso@gmail.com', '2024-01-12 10:30:00', true),
(38, 'chiararusso@gmail.com', '2024-01-13 10:00:00', true),
(38, 'chiararusso@gmail.com', '2024-01-13 10:30:00', true),
(39, 'marticosta@gmail.com', '2024-01-15 12:00:00', true),
(39, 'marticosta@gmail.com', '2024-01-15 12:30:00', true),
(39, 'marticosta@gmail.com', '2024-01-15 13:0:00', true),
(39, 'marticosta@gmail.com', '2024-01-16 12:00:00', true),
(39, 'marticosta@gmail.com', '2024-01-16 12:30:00', true),
(39, 'marticosta@gmail.com', '2024-01-16 13:0:00', true),
(40, 'giugatti@gmail.com', '2024-01-15 12:00:00', true),
(40, 'giugatti@gmail.com', '2024-01-16 12:00:00', true),
(40, 'giugatti@gmail.com', '2024-01-17 12:00:00', true),
(40, 'giugatti@gmail.com', '2024-01-18 12:00:00', true),
(40, 'giugatti@gmail.com', '2024-01-19 12:00:00', true),
(40, 'giugatti@gmail.com', '2024-01-20 12:00:00', true);


-- Popolamento della tabella Recensione
INSERT INTO Recensione (id_alloggio, email, titolo, voto, descrizione, data_recensione) VALUES
(1, 'gioromano@gmail.com', 'Bellissima esperienza', 5, 'La camera era pulita e accogliente. Ottima posizione!', '2023-02-20'),
(2, 'matteobianchi@gmail.com', 'Consigliato', 4, 'Il monolocale era spazioso e ben arredato. Buon rapporto qualità-prezzo.', '2023-03-01'),
(3, 'giorgioferraro@gmail.com', 'Esperienza positiva', 4, 'Stanza comoda e vicina all università. Proprietario gentile.', '2023-03-15'),
(4, 'sofiaesposito@gmail.com', 'Vacanza da sogno', 5, 'La villa è incredibile. Vista mozzafiato e tutti i comfort disponibili.', '2023-04-01'),
(5, 'saramarti@gmail.com', 'Buon soggiorno', 3, 'Il bilocale era nella media. Niente di eccezionale ma sufficiente per brevi periodi.', '2023-04-10');


-- Popolamento della tabella Servizi
INSERT INTO Servizi (descrizione) VALUES
('Wi-Fi'),
('TV'),
('Parcheggio'),
('Giardino'),
('Cucina attrezzata'),
('Utensili per la pulizia'),
('Utensili per la cucina'),
('Forno'),
('Lavatrice'),
('Lavastoviglie'),
('Asciugatrice'),
('Riscaldamento centralizzato'),
('Aria condizionata'),
('Armadio'),
('Cassettiera'),
('Scrivania'),
('Letto'),
('Ascensore'),
('Piscina'),
('Balcone con vista');


-- Popolamento della tabella Possedimento
INSERT INTO Possedimento (id_servizio, id_alloggio) VALUES
(1, 1),
(2, 1),
(13, 1),
(14, 1),
(16, 1),
(17, 1),
(1, 2),
(13, 2),
(15, 2),
(16, 2),
(17, 2),
(1, 3),
(2, 3),
(5, 3),
(7, 3),
(13, 3),
(15, 3),
(16, 3),
(17, 3),
(1, 4),
(2, 4),
(5, 4),
(7, 4),
(13, 4),
(15, 4),
(16, 4),
(17, 4),
(1, 5),
(2, 5),
(5, 5),
(7, 5),
(8, 5),
(13, 5),
(15, 5),
(16, 5),
(17, 5),
(1, 6),
(2, 6),
(5, 6),
(8, 6),
(10, 6),
(12, 6),
(13, 6),
(14, 6),
(16, 6),
(17, 6),
(1, 7),
(5, 7),
(7, 7),
(12, 7),
(13, 7),
(15, 7),
(16, 7),
(17, 7),
(1, 8),
(2, 8),
(5, 8),
(6, 8),
(7, 8),
(8, 8),
(10, 8),
(12, 8),
(13, 8),
(14, 8),
(15, 8),
(16, 8),
(17, 8),
(1, 9),
(13, 9),
(15, 9),
(16, 9),
(17, 9),
(1, 10),
(13, 10),
(15, 10),
(16, 10),
(17, 10),
(1, 11),
(2, 11),
(13, 11),
(17, 11),
(1, 12),
(2, 12),
(13, 12),
(14, 12),
(15, 12),
(16, 12),
(17, 12),
(1, 13),
(2, 13),
(5, 13),
(7, 13),
(13, 13),
(15, 13),
(16, 13),
(17, 13),
(1, 14),
(2, 14),
(5, 14),
(7, 14),
(13, 14),
(15, 14),
(16, 14),
(17, 14),
(1, 15),
(2, 15),
(5, 15),
(6, 15),
(7, 15),
(10, 15),
(12, 15),
(13, 15),
(15, 15),
(16, 15),
(17, 15),
(1, 16),
(2, 16),
(5, 16),
(6, 16),
(7, 16),
(10, 16),
(12, 16),
(13, 16),
(15, 16),
(16, 16),
(17, 16),
(1, 17),
(2, 17),
(5, 17),
(6, 17),
(7, 17),
(8, 17),
(10, 17),
(12, 17),
(13, 17),
(15, 17),
(17, 17),
(1, 18),
(2, 18),
(5, 18),
(6, 18),
(7, 18),
(8, 18),
(12, 18),
(13, 18),
(15, 18),
(17, 18),
(1, 19),
(2, 19),
(13, 19),
(15, 19),
(16, 19),
(17, 19),
(1, 20),
(2, 20),
(13, 20),
(15, 20),
(16, 20),
(17, 20),
(1, 21),
(2, 21),
(13, 21),
(14, 21),
(16, 21),
(17, 21),
(1, 22),
(13, 22),
(15, 22),
(16, 22),
(17, 22),
(1, 23),
(2, 23),
(5, 23),
(7, 23),
(13, 23),
(15, 23),
(16, 23),
(17, 23),
(1, 24),
(2, 24),
(5, 24),
(7, 24),
(13, 24),
(15, 24),
(16, 24),
(17, 24),
(1, 25),
(2, 25),
(5, 25),
(7, 25),
(8, 25),
(13, 25),
(15, 25),
(16, 25),
(17, 25),
(1, 26),
(2, 26),
(5, 26),
(8, 26),
(10, 26),
(12, 26),
(13, 26),
(14, 26),
(16, 26),
(17, 26),
(1, 27),
(5, 27),
(7, 27),
(12, 27),
(13, 27),
(15, 27),
(16, 27),
(17, 27),
(1, 28),
(2, 28),
(5, 28),
(6, 28),
(7, 28),
(8, 28),
(10, 28),
(12, 28),
(13, 28),
(14, 28),
(15, 28),
(16, 28),
(17, 28),
(1, 29),
(13, 29),
(15, 29),
(16, 29),
(17, 29),
(1, 30),
(13, 30),
(15, 30),
(16, 30),
(17, 30),
(1, 31),
(2, 31),
(13, 31),
(14, 31),
(16, 31),
(17, 31),
(1, 32),
(13, 32),
(15, 32),
(16, 32),
(17, 32),
(1, 33),
(2, 33),
(5, 33),
(7, 33),
(13, 33),
(15, 33),
(16, 33),
(17, 33),
(1, 34),
(2, 34),
(5, 34),
(7, 34),
(13, 34),
(15, 34),
(16, 34),
(17, 34),
(1, 35),
(2, 35),
(5, 35),
(7, 35),
(8, 35),
(13, 35),
(15, 35),
(16, 35),
(17, 35),
(1, 36),
(2, 36),
(5, 36),
(8, 36),
(10, 36),
(12, 36),
(13, 36),
(14, 36),
(16, 36),
(17, 36),
(1, 37),
(5, 37),
(7, 37),
(12, 37),
(13, 37),
(15, 37),
(16, 37),
(17, 37),
(1, 38),
(2, 38),
(5, 38),
(6, 38),
(7, 38),
(8, 38),
(10, 38),
(12, 38),
(13, 38),
(14, 38),
(15, 38),
(16, 38),
(17, 38),
(1, 39),
(13, 39),
(15, 39),
(16, 39),
(17, 39),
(1, 40),
(13, 40),
(15, 40),
(16, 40),
(17, 40);